contract_id,final_label,owner_withdraw,emergency_withdraw,unrestricted_mint,regex_owner_withdraw,regex_emergency_withdraw,regex_unrestricted_mint,slither_ok,slither_high_count,slither_arbitrary_send,slither_suicidal,slither_unchecked_lowlevel,slither_controlled_delegatecall,slither_delegatecall_loop,slither_ownerish_any
contract_001,safe,0,0,0,0,0,0,0,0,0,0,0,0,0,0
contract_002,safe,0,0,0,0,0,0,0,0,0,0,0,0,0,0
contract_003,safe,0,0,0,0,0,0,0,0,0,0,0,0,0,0
contract_004,rugpull,0,0,1,0,0,1,0,0,0,0,0,0,0,0
contract_005,rugpull,0,1,1,0,0,1,0,0,0,0,0,0,0,0
contract_006,rugpull,0,0,0,0,0,0,0,0,0,0,0,0,0,0
contract_007,rugpull,0,0,0,0,0,0,0,0,0,0,0,0,0,0
contract_008,safe,0,0,0,0,0,0,0,0,0,0,0,0,0,0
contract_009,rugpull,0,0,0,0,0,0,0,0,0,0,0,0,0,0
contract_010,rugpull,0,0,1,0,0,1,0,0,0,0,0,0,0,0
contract_011,rugpull,0,0,0,0,0,0,0,0,0,0,0,0,0,0
contract_012,rugpull,0,1,0,0,0,0,0,0,0,0,0,0,0,0
contract_013,safe,0,0,0,0,0,0,0,0,0,0,0,0,0,0
contract_014,rugpull,0,0,1,0,0,1,0,0,0,0,0,0,0,0
contract_015,safe,0,0,0,0,0,0,0,0,0,0,0,0,0,0
contract_016,rugpull,0,0,0,0,0,0,0,0,0,0,0,0,0,0
contract_017,safe,0,0,0,0,0,0,0,0,0,0,0,0,0,0
contract_018,safe,0,0,0,0,0,0,0,0,0,0,0,0,0,0
contract_019,rugpull,0,0,1,0,0,1,0,0,0,0,0,0,0,0
contract_020,rugpull,0,0,0,0,0,0,0,0,0,0,0,0,0,0
contract_021,safe,0,0,0,0,0,0,0,0,0,0,0,0,0,0
contract_022,safe,0,0,0,0,0,0,0,0,0,0,0,0,0,0
contract_023,rugpull,0,0,1,0,0,1,0,0,0,0,0,0,0,0
contract_024,rugpull,0,0,0,0,0,0,0,0,0,0,0,0,0,0
contract_025,safe,0,0,0,0,0,0,0,0,0,0,0,0,0,0
contract_026,rugpull,0,0,0,0,0,0,0,0,0,0,0,0,0,0
contract_027,rugpull,0,0,0,0,0,0,0,0,0,0,0,0,0,0
contract_028,safe,0,0,0,0,0,0,0,0,0,0,0,0,0,0
contract_029,rugpull,0,0,0,0,0,0,0,0,0,0,0,0,0,0
contract_030,safe,0,0,0,0,0,0,0,0,0,0,0,0,0,0
contract_031,rugpull,0,1,1,0,0,1,0,0,0,0,0,0,0,0
contract_032,rugpull,0,0,0,0,0,0,0,0,0,0,0,0,0,0
contract_033,safe,0,0,0,0,0,0,0,0,0,0,0,0,0,0
contract_034,rugpull,0,0,0,0,0,0,0,0,0,0,0,0,0,0
contract_035,safe,0,0,0,0,0,0,0,0,0,0,0,0,0,0
contract_036,rugpull,0,0,1,0,0,1,0,0,0,0,0,0,0,0
contract_037,safe,0,0,0,0,0,0,0,0,0,0,0,0,0,0
contract_038,safe,0,0,0,0,0,0,0,0,0,0,0,0,0,0
contract_039,rugpull,0,0,1,0,0,1,0,0,0,0,0,0,0,0
contract_040,rugpull,0,0,0,0,0,0,0,0,0,0,0,0,0,0
contract_041,rugpull,0,0,1,0,0,1,0,0,0,0,0,0,0,0
contract_042,rugpull,0,0,0,0,0,0,0,0,0,0,0,0,0,0
contract_043,rugpull,0,0,1,0,0,1,0,0,0,0,0,0,0,0
contract_044,safe,0,0,0,0,0,0,0,0,0,0,0,0,0,0
contract_045,rugpull,0,0,1,0,0,1,0,0,0,0,0,0,0,0
contract_046,rugpull,0,0,1,0,0,1,0,0,0,0,0,0,0,0
contract_047,safe,0,0,0,0,0,0,0,0,0,0,0,0,0,0
contract_048,rugpull,0,0,1,0,0,1,0,0,0,0,0,0,0,0
contract_049,safe,0,0,0,0,0,0,0,0,0,0,0,0,0,0
contract_050,rugpull,0,0,1,0,0,1,0,0,0,0,0,0,0,0
contract_051,rugpull,0,0,1,0,0,1,0,0,0,0,0,0,0,0
contract_052,rugpull,0,0,0,0,0,0,0,0,0,0,0,0,0,0
contract_053,rugpull,0,0,1,0,0,1,0,0,0,0,0,0,0,0
contract_054,rugpull,0,0,1,0,0,1,0,0,0,0,0,0,0,0
contract_055,rugpull,0,0,1,0,0,1,0,0,0,0,0,0,0,0
contract_056,safe,0,0,0,0,0,0,0,0,0,0,0,0,0,0
contract_057,rugpull,0,0,1,0,0,1,0,0,0,0,0,0,0,0
contract_058,safe,0,0,0,0,0,0,0,0,0,0,0,0,0,0
contract_059,rugpull,0,0,1,0,0,1,0,0,0,0,0,0,0,0
contract_060,safe,0,0,0,0,0,0,0,0,0,0,0,0,0,0
contract_061,safe,0,0,0,0,0,0,0,0,0,0,0,0,0,0
contract_062,safe,0,0,0,0,0,0,0,0,0,0,0,0,0,0
contract_063,safe,0,0,0,0,0,0,0,0,0,0,0,0,0,0
contract_064,rugpull,0,0,1,0,0,1,0,0,0,0,0,0,0,0
contract_065,safe,0,0,0,0,0,0,0,0,0,0,0,0,0,0
contract_066,safe,0,0,0,0,0,0,0,0,0,0,0,0,0,0
contract_067,rugpull,0,0,0,0,0,0,0,0,0,0,0,0,0,0
contract_068,safe,0,0,0,0,0,0,0,0,0,0,0,0,0,0
contract_069,safe,0,0,0,0,0,0,0,0,0,0,0,0,0,0
contract_070,safe,0,0,0,0,0,0,0,0,0,0,0,0,0,0
contract_071,safe,0,0,0,0,0,0,0,0,0,0,0,0,0,0
contract_072,rugpull,0,0,0,0,0,0,0,0,0,0,0,0,0,0
contract_073,safe,0,0,0,0,0,0,0,0,0,0,0,0,0,0
contract_074,rugpull,0,0,0,0,0,0,0,0,0,0,0,0,0,0
contract_075,safe,0,0,0,0,0,0,0,0,0,0,0,0,0,0
contract_076,safe,0,0,0,0,0,0,0,0,0,0,0,0,0,0
contract_077,safe,0,0,0,0,0,0,0,0,0,0,0,0,0,0
contract_078,rugpull,0,0,0,0,0,0,0,0,0,0,0,0,0,0
contract_079,safe,0,0,0,0,0,0,0,0,0,0,0,0,0,0
contract_080,safe,0,0,0,0,0,0,0,0,0,0,0,0,0,0
contract_081,safe,0,0,0,0,0,0,0,0,0,0,0,0,0,0
contract_082,safe,0,0,0,0,0,0,0,0,0,0,0,0,0,0
contract_083,rugpull,0,0,1,0,0,1,0,0,0,0,0,0,0,0
contract_084,rugpull,0,0,1,0,0,1,0,0,0,0,0,0,0,0
contract_085,rugpull,0,0,0,0,0,0,0,0,0,0,0,0,0,0
contract_086,safe,0,0,0,0,0,0,0,0,0,0,0,0,0,0
contract_087,rugpull,0,0,0,0,0,0,0,0,0,0,0,0,0,0
contract_088,rugpull,0,0,0,0,0,0,0,0,0,0,0,0,0,0
contract_089,rugpull,0,0,1,0,0,1,0,0,0,0,0,0,0,0
contract_090,safe,0,0,0,0,0,0,0,0,0,0,0,0,0,0
contract_091,safe,0,0,0,0,0,0,0,0,0,0,0,0,0,0
contract_092,safe,0,0,0,0,0,0,0,0,0,0,0,0,0,0
contract_093,safe,0,0,0,0,0,0,0,0,0,0,0,0,0,0
contract_094,safe,0,0,0,0,0,0,0,0,0,0,0,0,0,0
contract_095,rugpull,0,0,1,0,0,1,0,0,0,0,0,0,0,0
contract_096,safe,0,0,0,0,0,0,0,0,0,0,0,0,0,0
contract_097,safe,0,0,0,0,0,0,0,0,0,0,0,0,0,0
contract_098,rugpull,0,0,1,0,0,1,0,0,0,0,0,0,0,0
contract_099,safe,0,0,0,0,0,0,0,0,0,0,0,0,0,0
contract_100,safe,0,0,0,0,0,0,0,0,0,0,0,0,0,0
